ID,Default Unit of Measure,Item Code,Item Group,Item Name
851AAAAAAAAAAAAAAAAAAAAAAAAAAAAAAAAA,Unit,Mean corpuscular volume,Laboratory,Mean corpuscular volume
163695AAAAAAAAAAAAAAAAAAAAAAAAAAAAAA,Unit,Crystals type in urine sediment by light microscopy test,Laboratory,Crystals type in urine sediment by light microscopy test
1338AAAAAAAAAAAAAAAAAAAAAAAAAAAAAAAA,Unit,Lymphocytes (%) - microscopic exam,Laboratory,Lymphocytes (%) - microscopic exam
161447AAAAAAAAAAAAAAAAAAAAAAAAAAAAAA,Unit,Stool microscopy with concentration,Laboratory,Stool microscopy with concentration
729AAAAAAAAAAAAAAAAAAAAAAAAAAAAAAAAA,Unit,Platelets,Laboratory,Platelets
163686AAAAAAAAAAAAAAAAAAAAAAAAAAAAAA,Unit,Yeast presence in urine sediment by light microscopy,Laboratory,Yeast presence in urine sediment by light microscopy
1325AAAAAAAAAAAAAAAAAAAAAAAAAAAAAAAA,Unit,Hepatitis C test - qualitative,Laboratory,Hepatitis C test - qualitative
161448AAAAAAAAAAAAAAAAAAAAAAAAAAAAAA,Unit,Kinyoun's stain for coccidians,Laboratory,Kinyoun's stain for coccidians
160735AAAAAAAAAAAAAAAAAAAAAAAAAAAAAA,Unit,"Bacteriuria test, urine",Laboratory,"Bacteriuria test, urine"
1015AAAAAAAAAAAAAAAAAAAAAAAAAAAAAAAA,Unit,Hematocrit,Laboratory,Hematocrit
163688AAAAAAAAAAAAAAAAAAAAAAAAAAAAAA,Unit,Spore presence in urine test,Laboratory,Spore presence in urine test
163687AAAAAAAAAAAAAAAAAAAAAAAAAAAAAA,Unit,Yeast hyphae presence in urine sediment by light microscopy test,Laboratory,Yeast hyphae presence in urine sediment by light microscopy test
1016AAAAAAAAAAAAAAAAAAAAAAAAAAAAAAAA,Unit,Red cell distribution width,Laboratory,Red cell distribution width
163689AAAAAAAAAAAAAAAAAAAAAAAAAAAAAA,Unit,Trichomonas vaginalis presence in urine sediment by light microscopy,Laboratory,Trichomonas vaginalis presence in urine sediment by light microscopy
163426AAAAAAAAAAAAAAAAAAAAAAAAAAAAAA,Unit,"Combined % of monocytes, eosinophils and basophils",Laboratory,"Combined % of monocytes, eosinophils and basophils"
655AAAAAAAAAAAAAAAAAAAAAAAAAAAAAAAAA,Unit,Total bilirubin,Laboratory,Total bilirubin
161450AAAAAAAAAAAAAAAAAAAAAAAAAAAAAA,Unit,"Stool fat test, semi-quantitative",Laboratory,"Stool fat test, semi-quantitative"
678AAAAAAAAAAAAAAAAAAAAAAAAAAAAAAAAA,Unit,White blood cells,Laboratory,White blood cells
717AAAAAAAAAAAAAAAAAAAAAAAAAAAAAAAAA,Unit,Total protein,Laboratory,Total protein
857AAAAAAAAAAAAAAAAAAAAAAAAAAAAAAAAA,Unit,Blood urea nitrogen,Laboratory,Blood urea nitrogen
163683AAAAAAAAAAAAAAAAAAAAAAAAAAAAAA,Unit,Erythrocytes presence in urine sediment by light microscopy test,Laboratory,Erythrocytes presence in urine sediment by light microscopy test
161445AAAAAAAAAAAAAAAAAAAAAAAAAAAAAA,Unit,Urine routine and microscopy,Laboratory,Urine routine and microscopy
163699AAAAAAAAAAAAAAAAAAAAAAAAAAAAAA,Unit,Urea measurement (calculated),Laboratory,Urea measurement (calculated)
21AAAAAAAAAAAAAAAAAAAAAAAAAAAAAAAAAA,Unit,Haemoglobin,Laboratory,Haemoglobin
654AAAAAAAAAAAAAAAAAAAAAAAAAAAAAAAAA,Unit,Serum glutamic-pyruvic transaminase,Laboratory,Serum glutamic-pyruvic transaminase
160225AAAAAAAAAAAAAAAAAAAAAAAAAAAAAA,Unit,Sickle cell screening test,Laboratory,Sickle cell screening test
159430AAAAAAAAAAAAAAAAAAAAAAAAAAAAAA,Unit,Hepatitis B Surface Antigen Test,Laboratory,Hepatitis B Surface Antigen Test
163684AAAAAAAAAAAAAAAAAAAAAAAAAAAAAA,Unit,Leukocytes presence in urine sediment by light microscopy,Laboratory,Leukocytes presence in urine sediment by light microscopy
161449AAAAAAAAAAAAAAAAAAAAAAAAAAAAAA,Unit,Stool test for reducing substance,Laboratory,Stool test for reducing substance
653AAAAAAAAAAAAAAAAAAAAAAAAAAAAAAAAA,Unit,Serum glutamic-oxaloacetic transaminase,Laboratory,Serum glutamic-oxaloacetic transaminase
790AAAAAAAAAAAAAAAAAAAAAAAAAAAAAAAAA,Unit,Serum creatinine (umol/L),Laboratory,Serum creatinine (umol/L)
163696AAAAAAAAAAAAAAAAAAAAAAAAAAAAAA,Unit,Casts presence in urine sediment by light microscopy test,Laboratory,Casts presence in urine sediment by light microscopy test
887AAAAAAAAAAAAAAAAAAAAAAAAAAAAAAAAA,Unit,Serum glucose,Laboratory,Serum glucose
304AAAAAAAAAAAAAAAAAAAAAAAAAAAAAAAAA,Unit,Stool exam,Laboratory,Stool exam
785AAAAAAAAAAAAAAAAAAAAAAAAAAAAAAAAA,Unit,Alkaline phosphatase,Laboratory,Alkaline phosphatase
159362AAAAAAAAAAAAAAAAAAAAAAAAAAAAAA,Unit,Fecal occult blood test,Laboratory,Fecal occult blood test
1019AAAAAAAAAAAAAAAAAAAAAAAAAAAAAAAA,Unit,Complete blood count,Laboratory,Complete blood count
679AAAAAAAAAAAAAAAAAAAAAAAAAAAAAAAAA,Unit,Red blood cells,Laboratory,Red blood cells
1336AAAAAAAAAAAAAAAAAAAAAAAAAAAAAAAA,Unit,Neutrophils (%) - microscopic exam,Laboratory,Neutrophils (%) - microscopic exam
163692AAAAAAAAAAAAAAAAAAAAAAAAAAAAAA,Unit,Epithelial casts presence in urine sediment by light microscopy test,Laboratory,Epithelial casts presence in urine sediment by light microscopy test
1018AAAAAAAAAAAAAAAAAAAAAAAAAAAAAAAA,Unit,Mean corpuscular hemoglobin,Laboratory,Mean corpuscular hemoglobin
1017AAAAAAAAAAAAAAAAAAAAAAAAAAAAAAAA,Unit,Mean cell hemoglobin concentration,Laboratory,Mean cell hemoglobin concentration
161431AAAAAAAAAAAAAAAAAAAAAAAAAAAAAA,Unit,Sickling test only,Laboratory,Sickling test only
161488AAAAAAAAAAAAAAAAAAAAAAAAAAAAAA,Unit,Renal function panel,Laboratory,Renal function panel
953AAAAAAAAAAAAAAAAAAAAAAAAAAAAAAAAA,Unit,Liver function tests,Laboratory,Liver function tests
161451AAAAAAAAAAAAAAAAAAAAAAAAAAAAAA,Unit,Stool test,Laboratory,Stool test
163697AAAAAAAAAAAAAAAAAAAAAAAAAAAAAA,Unit,Urine microscopy panel,Laboratory,Urine microscopy panel
3543c654-0834-4c90-982c-5e277005c15d,Tablet,Griséofulvine Co 500mg,Drugs,Griséofulvine Co 500mg
0bd1bf31-b974-421f-854d-b9d463630a2b,Tablet,Tylenol 325mg,Drugs,Tylenol 325mg
3af6ca73-f2ee-43ff-8464-fa00bf525e9b,Tablet,Advil 200mg,Drugs,Advil 200mg
143c0048-33d5-46e6-b7b9-85b12769b629,Tablet,Multi-Vitamin Adult,Drugs,Multi-Vitamin Adult
9c257346-524c-4eef-bcf3-2cf4b472b2a8,Tablet,Multi-Vitamin Children,Drugs,Multi-Vitamin Children
fb601ad7-ffb6-4624-8f64-93522bb8d4ac,Tablet,Multi-Vitamin Prenatal,Drugs,Multi-Vitamin Prenatal
a8dd3068-cd3b-4af3-a33d-616279b29db5,Tablet,Norvasc 5mg,Drugs,Norvasc 5mg
340c9cdf-97fe-497f-9d0d-d66b8552aa25,Tablet,Norvasc 10mg,Drugs,Norvasc 10mg
124a4a8e-f920-4898-b3d0-6d463b1c3db2,Tablet,Atenolol 50mg,Drugs,Atenolol 50mg
eca6b8c2-5b46-4a94-a7d9-24722be131b8,Tablet,Hctz 25mg,Drugs,Hctz 25mg
d8fdc1b7-e393-45e8-8a64-dc95e57f89f4,Tablet,Hctz 50mg,Drugs,Hctz 50mg
c3fccbc6-565e-4c2c-b1aa-bba217fd212e,Tablet,Zestril 20mg,Drugs,Zestril 20mg
6ca6fa54-5b32-4d64-a66c-542c0889f840,Tablet,Lasix 20mg,Drugs,Lasix 20mg
09e58895-e7f0-4649-b7c0-e665c5c08e93,Tablet,Aspirin 81mg,Drugs,Aspirin 81mg
38087db3-7395-431f-88d5-bb25e06e33f1,Tablet,Aspirin 325mg,Drugs,Aspirin 325mg
8d4d2102-52a5-445d-9e0f-462d8967336a,Tablet,Celebrex 200mg,Drugs,Celebrex 200mg
c0a931b7-c900-45fe-b672-b78a00f41ed2,Tablet,Neurontin 100mg,Drugs,Neurontin 100mg
12da54e5-294a-4be2-834c-4ffd996a5bf6,Tablet,Neurontin 800mg,Drugs,Neurontin 800mg
fc882328-40ef-4fa3-852f-81f69fcf954f,Tablet,Tums,Drugs,Tums
0adc85cf-de4e-4c4b-a483-d8586f19626b,Tablet,Prilosec 20mg,Drugs,Prilosec 20mg
d5d560bc-e481-4874-93d0-a1023d1ce766,Tablet,Zantac 150mg,Drugs,Zantac 150mg
45395ed4-63b2-43d2-af2a-23f4dc8e1b9e,Tablet,Protonix 20mg,Drugs,Protonix 20mg
a8e05fa5-d9be-49ae-b266-cf9a4e2f2d60,Tablet,Glucophage 500mg,Drugs,Glucophage 500mg
d6a60960-b4df-4ab0-a231-1c3fcc8414e1,Tablet,Glucotrol 5mg,Drugs,Glucotrol 5mg
af4be8ee-45b3-47e3-a32e-1c3bfb2e6f61,Tablet,Glipizide Er 3mg,Drugs,Glipizide Er 3mg
912e4679-7758-403e-8441-5b528561f7bc,Tablet,Glipizide Er 6mg,Drugs,Glipizide Er 6mg
2949ec94-0e60-4a99-b699-e36daa665033,Tube,Bacitracin,Drugs,Bacitracin
f691c1c4-1fe3-4fd5-afbf-2167ad241164,Tube,Lotrimin 1%,Drugs,Lotrimin 1%
4125aa3e-4b43-41c2-99a3-00bb71978084,Tube,Nystatin 100000U/g,Drugs,Nystatin 100000U/g
5363a53f-a3c2-4a29-b7f0-a4b075052e5e,Tablet,Levaquin 250mg,Drugs,Levaquin 250mg
5449d13a-591f-4840-9739-870966625f0f,Tablet,Valtrex 1g,Drugs,Valtrex 1g
12dd160a-2ab4-4b95-900c-40ebf6ccc55f,Tablet,Doxycycline 100mg,Drugs,Doxycycline 100mg
76a434fd-df90-4b19-ba47-26ddd7a00437,Tablet,Diflucan 200mg,Drugs,Diflucan 200mg
56034516-35a4-4bca-826e-df42008ebeed,Tablet,Albenza 400mg,Drugs,Albenza 400mg
396c0447-c8e2-4f2f-a9a1-b664efe352ea,Vial,Lindane 1%,Drugs,Lindane 1%
a8355c83-31db-4089-a962-512e35097ef0,Tablet,Amoxicillin 500mg,Drugs,Amoxicillin 500mg
c554ffb2-5706-4623-a89a-008366cd564c,Tablet,Flagyl 250mg,Drugs,Flagyl 250mg
8dd89c2e-b45b-4fea-98d5-f6b9f02247c1,Tablet,Ceftin 250mg / 5ml,Drugs,Ceftin 250mg / 5ml
94c9f33b-ffe9-466b-8090-77cd3d5334f0,Vial,Rocephin 1g,Drugs,Rocephin 1g
dfc7e569-4e44-4b11-bc7f-4d0d7b768fd4,Nebulizer,Spiriva,Drugs,Spiriva
0ba092a4-3fc1-4d45-a2cb-c7eaf95d6ebd,Nebulizer,Pulmicort,Drugs,Pulmicort
83d3ac4b-1aa8-40bb-83dd-7381a2876dc1,Nebulizer,Proventil,Drugs,Proventil
8833d035-ac2d-4d23-b5cc-720ebfee1533,Nebulizer,Xopenex,Drugs,Xopenex
e8b79172-45cd-40ce-9ca8-0a6a652bb47e,Tablet,Cortef,Drugs,Cortef
1fc3e5e1-85dd-4a1e-88fa-5f57e07d727d,Teaspoon,Miralax 17g,Drugs,Miralax 17g
aae13cbd-1509-4e4d-9b5a-ce6139fb74c2,Tablet,Colace 100mg,Drugs,Colace 100mg
311f1a89-0c75-4b34-bc88-00f2edee9400,Tablet,Senokot 17mg,Drugs,Senokot 17mg
8dd28534-a357-4617-8909-2160f7fd7e4c,Tablet,Claritin,Drugs,Claritin
277024fa-a41d-4655-8485-a44ef683c41f,Tablet,Benadryl,Drugs,Benadryl
e3a59ed6-c9b9-4bb0-922d-25fc6aa74043,Tablet,Deltasone,Drugs,Deltasone
52128175-f648-4a4b-bb2d-4d7a97ea4b6e,Container,Vitamin B12 1000mcg,Drugs,Vitamin B12 1000mcg
28dc1ebd-945e-4795-9060-5c60ffb5a577,Tablet,Ultram 50mg,Drugs,Ultram 50mg
b9f17974-47ba-430f-9a17-352f50241e90,Tablet,Flexeril 5mg,Drugs,Flexeril 5mg
dec17cc7-f772-4814-ae9c-49007d644092,Tablet,Nexium 20mg,Drugs,Nexium 20mg
c695f96f-32dd-47fe-9877-059ee337bea0,Tablet,Pepcid,Drugs,Pepcid
637499ff-1c54-4722-ba57-3e41b3d22a49,Tube,Permethrin,Drugs,Permethrin
47453ba1-85f2-4c78-b1c7-8b3c79e40df2,Tube,Zeasorb 2%,Drugs,Zeasorb 2%
2f6bc24e-bd9e-4520-a6ba-f999ef7cbafd,Tube,Tolnoftate 1%,Drugs,Tolnoftate 1%
f321c087-0a5b-48c1-a605-3954e6159b86,Vial,Xylocaine,Drugs,Xylocaine
63e5f917-ce97-47c4-8423-126bd798636e,Vial,Normal Saline 0.9%,Drugs,Normal Saline 0.9%
856c6ba9-201e-4022-a4b4-6d8aafeff7fd,Tablet,Dermadex 10mg,Drugs,Dermadex 10mg
60508974-752a-4960-b0be-f0e6aa6da64b,Tablet,Inderal 80mg,Drugs,Inderal 80mg
4e920e87-ac86-42ec-ab72-7b55d51e1a29,Tablet,Zestril 40mg,Drugs,Zestril 40mg
b6a421fd-50f2-4ed7-b687-23d985e42a50,Tablet,Glucotrol 10mg,Drugs,Glucotrol 10mg
ab1a18bd-926d-48f3-8006-16314952698b,Tablet,Glyburide 5mg,Drugs,Glyburide 5mg
54e1a064-172b-4d3c-ae8e-b78afb368c37,Tablet,Glyburide 3mg,Drugs,Glyburide 3mg
e79df49a-71a6-4169-952c-0225048cb482,Tablet,Glyburide 6mg,Drugs,Glyburide 6mg
8d883d65-9473-46ff-8b14-0ebe1f9a86da,Vial,Ceclor 125mg / 5ml,Drugs,Ceclor 125mg / 5ml
a20b435b-a8f8-4727-b2be-bcc5d2befd33,Vial,Rocephin 500mg,Drugs,Rocephin 500mg
91450143-ca6e-46fe-9fff-274be47521db,Tablet,Famvir 250mg,Drugs,Famvir 250mg
b9934447-70bb-4ef3-a65d-ff7cffe39025,Tablet,Levaquin 250mg,Drugs,Levaquin 250mg
b257beaf-a967-4822-8f78-9f87be045959,Tablet,Minocin 90mg,Drugs,Minocin 90mg
ca382f91-17b3-4b54-973e-8ccbdd89b8e1,Tablet,Cleocin 300mg,Drugs,Cleocin 300mg
9c38ea14-0972-46a9-9dac-76cafbb44971,Tablet,Cipro 250mg,Drugs,Cipro 250mg
03f18d86-ac0a-49a6-87bf-e022119301ad,Tablet,Cipro 500mg,Drugs,Cipro 500mg
83d98064-593f-4cf9-bec4-c427d4677f7d,Tablet,Biaxin 500mg,Drugs,Biaxin 500mg
45e91fa2-5458-4d2f-854b-11f08eb12801,Vial,Solu-Medrol 125mg / 5ml,Drugs,Solu-Medrol 125mg / 5ml
827f6978-a666-4c58-8218-7388fdcc6fa3,Vial,Visine 0.05%,Drugs,Visine 0.05%
247b17b0-8fe9-48de-a0f6-4b9a6f1caee8,Tablet,Allegra 60mg,Drugs,Allegra 60mg
14af1c0c-decd-41c0-ba07-95059f167ed2,Tablet,Allegra 180mg,Drugs,Allegra 180mg
3d215e2e-0560-4afc-9023-e1d1088bf484,Vial,Robitussin Adult 200mg / 5ml,Drugs,Robitussin Adult 200mg / 5ml
e42af6eb-e624-402e-bb26-ff2540a390d0,Nebulizer,Tudorza Pressair 400mcg,Drugs,Tudorza Pressair 400mcg
08128635-a443-42af-9b5d-32a2132cef06,Nebulizer,Pulmicort 90mcg,Drugs,Pulmicort 90mcg
931d1308-a72f-4f3a-a627-63d8b3c8c25d,Tablet,Malarone,Drugs,Malarone
b0918013-25be-420f-b133-a76fbedb3406,Nebulizer,Symbicort 160mcg + 4.5mcg,Drugs,Symbicort 160mcg + 4.5mcg
7c61da9b-9c70-484f-8da7-ca9a45aa56f9,Tablet,Ultracet 37.5mg + 325mg,Drugs,Ultracet 37.5mg + 325mg
ed9e55d8-eb78-4e2f-bc57-d5107ac1481c,Vial,Amoxicillin 125mg / 5ml,Drugs,Amoxicillin 125mg / 5ml
d3916ced-81fa-455f-bac7-f0afed65d9b1,Vial,Tobradex 0.3% + 0.1%,Drugs,Tobradex 0.3% + 0.1%
4bc64ce7-18a8-460a-9314-0f89e4ca2d0b,Tablet,Bactrim 160mg + 800mg,Drugs,Bactrim 160mg + 800mg
8f04e3bf-60da-4e53-a577-f5fac65ec25e,Vial,Augmentin 600mg + 42.9mg / 75ml,Drugs,Augmentin 600mg + 42.9mg / 75ml
e6f2566d-610f-4d78-a3d5-e086d6742c51,Nebulizer,Advair 500mg + 50mg,Drugs,Advair 500mg + 50mg
1281857e-3426-4ca4-ae06-cd35cb4e0e01,Nebulizer,Breo 80mg + 4.5mg,Drugs,Breo 80mg + 4.5mg
51717134-b03a-4951-9e67-9fc56a920a24,Vial,Hydrocortisone + Acetic Acid Otic,Drugs,Hydrocortisone + Acetic Acid Otic
6a455315-51b3-41db-9e5d-ee03c2ad3cdb,Vial,Augmentin 250mg + 62.5mg / 5ml,Drugs,Augmentin 250mg + 62.5mg / 5ml
2ddaae26-c352-4245-a1d5-b8884068d17b,Vial,Augmentin 600mg + 42.9mg / 125ml,Drugs,Augmentin 600mg + 42.9mg / 125ml
f2736658-a69e-45e0-b289-e771ec86fc0c,Nebulizer,Advair 250mg + 50mg,Drugs,Advair 250mg + 50mg
a116c770-3d2e-4139-b670-45e021fede4e,Tablet,Advil 400mg,Drugs,Advil 400mg
3e804780-c538-4800-ab4d-da7f710dc4cd,Tablet,Advil 600mg,Drugs,Advil 600mg
62e89330-c656-44dc-bcf9-a7c90111e8c3,Tablet,Albenza 200mg,Drugs,Albenza 200mg
e2dc4a41-7f0b-44c7-ac3a-676939f176ef,Tube,Alclometasone 0.05%,Drugs,Alclometasone 0.05%
a8b5bd1d-867a-4159-b585-13fe1bd59dce,Tablet,Amoxicillin 250mg,Drugs,Amoxicillin 250mg
0e99b832-3cad-4039-bfb5-0c2f55906f8a,Vial,Amoxicillin 250mg / 5ml,Drugs,Amoxicillin 250mg / 5ml
9e99eb20-5172-433a-ba7e-669b0f2af50b,Vial,Amoxicillin 400mg / 5ml,Drugs,Amoxicillin 400mg / 5ml
a722710f-403b-451f-804b-09f8624b0838,Tablet,Aspirin 162.5mg,Drugs,Aspirin 162.5mg
20e0d495-b906-405e-9cc7-1a18e14a5612,Tablet,Atenolol 100mg,Drugs,Atenolol 100mg
8b8aceae-7a1e-49d1-823a-ae657ea4184f,Tablet,Atenolol 25mg,Drugs,Atenolol 25mg
41acb9e7-5737-41fb-8931-746355fc0beb,Tablet,Atenolol 75mg,Drugs,Atenolol 75mg
93ac42d5-b121-4e7c-9f80-37f50bcaff64,Tube,Bacitracin 500U/g,Drugs,Bacitracin 500U/g
1a9438b3-0cfb-4bef-b4fc-dc4324bb4134,Tablet,Benadryl 25mg,Drugs,Benadryl 25mg
fcc75458-0d8e-4921-b6a8-baf5a7e26d8e,Tablet,Benadryl 50mg,Drugs,Benadryl 50mg
02005fc7-625e-40de-bfbe-872f85b48e07,Tube,Betamethasone 0.05%,Drugs,Betamethasone 0.05%
19bf89f5-6f1b-4b11-82b7-686d619f5667,Tablet,Biaxin 250mg,Drugs,Biaxin 250mg
8c855783-fc73-4b3a-a415-4ca6a2b9560e,Tablet,Captopril 12.5mg,Drugs,Captopril 12.5mg
864df3a3-cbda-48d7-86fb-6059b6db713b,Tablet,Captopril 25mg,Drugs,Captopril 25mg
d9d1d81a-ab7c-47f5-9dbc-f837b82b4a30,Tablet,Captopril 50mg,Drugs,Captopril 50mg
bb8a1afa-9dbc-477d-93b3-411f03f742f7,Vial,Ceclor 250mg / 5ml,Drugs,Ceclor 250mg / 5ml
40c49aab-41f0-4782-a1c7-88d190e4ffae,Tablet,Ceftin 125mg / 5ml,Drugs,Ceftin 125mg / 5ml
a6bb9b34-7417-4602-b2c4-62f8559c0ef9,Tablet,Chloroquine 250mg,Drugs,Chloroquine 250mg
28137a3d-215c-4b8f-bda1-ee13e5bb4bd5,Tablet,Chloroquine 500mg,Drugs,Chloroquine 500mg
372d5752-dc7b-487e-b450-e7cdabacef50,Tablet,Cipro 750mg,Drugs,Cipro 750mg
2976fb3e-a020-4a29-8424-878928607e01,Tablet,Claritin 10mg,Drugs,Claritin 10mg
3e14295d-63f7-4876-8767-cf93f9c6ca68,Vial,Claritin 5mg / 5ml,Drugs,Claritin 5mg / 5ml
b4abf73f-d647-49a7-9957-a16983d8b211,Tablet,Cleocin 150mg,Drugs,Cleocin 150mg
8035131f-4346-481b-b746-84837e900781,Tablet,Cleocin 450mg,Drugs,Cleocin 450mg
c76ca2a3-c70e-42cd-9618-500ebf3f2474,Tablet,Deltasone 10mg,Drugs,Deltasone 10mg
8a9fdf80-2caa-407d-96a7-a5701a140e6a,Tablet,Deltasone 20mg,Drugs,Deltasone 20mg
c259b78f-6dac-4749-a21f-935646bc3c0d,Tablet,Deltasone 40mg,Drugs,Deltasone 40mg
efb8b933-04cc-4f2f-8499-94a8b7b58027,Tablet,Deltasone 5mg,Drugs,Deltasone 5mg
22ce4524-954e-41c2-a995-91ef80cad806,Tablet,Diclofenac 50mg,Drugs,Diclofenac 50mg
fb1509f8-0287-4111-a58c-e4f48fa6575d,Tablet,Diflucan 100mg,Drugs,Diflucan 100mg
f32f7a3f-d27f-412d-a91c-d8d99fad464e,Tablet,Diflucan 150mg,Drugs,Diflucan 150mg
f944281f-8655-4897-9fdb-6cc038d094f9,Vial,Erythromycin 125mg / 5ml,Drugs,Erythromycin 125mg / 5ml
7a6c2021-7be0-46eb-bc03-b88b6d2f5ba6,Vial,Erythromycin 250mg / 5ml,Drugs,Erythromycin 250mg / 5ml
ef56eef4-8be8-4c7b-af5b-38577d7b0e96,Tube,Eucerin,Drugs,Eucerin
89e1bd4d-2d1e-4c1b-92ca-1d997943020d,Tablet,Flagyl 500mg,Drugs,Flagyl 500mg
f6f88eca-f59c-4859-8a7a-d005a59691ce,Tablet,Flexeril 10mg,Drugs,Flexeril 10mg
52b9f66b-cb47-487a-9452-00e036fe1dd8,Vial,Flonase 50mcg,Drugs,Flonase 50mcg
6b8a0e60-09ee-4d93-b46a-3ab8cab22b29,Vial,Gatorade,Drugs,Gatorade
1fb6be75-14f1-4171-af87-2a7fb223a806,Vial,Gentamicin 0.3%,Drugs,Gentamicin 0.3%
85dc7fa9-2cbb-42ca-a7a8-244465f4f737,Vial,Gentian Violet 1%,Drugs,Gentian Violet 1%
3e4dbab0-674c-4660-999c-09a67520451a,Tablet,HCTZ 12.5mg,Drugs,HCTZ 12.5mg
9a0b84c9-6c80-4fc0-9764-43a870b2a432,Tube,Hydrocortisone 1%,Drugs,Hydrocortisone 1%
f116a3d6-3019-4e7c-9a1f-42c681144a31,Tube,Hydrocortisone 2.5%,Drugs,Hydrocortisone 2.5%
c15080cf-f142-46be-8dd3-7193958c4e93,Tablet,Inderal IR 10mg,Drugs,Inderal IR 10mg
22e9616c-b0c0-4d3e-95e9-173750386d61,Tablet,Inderal IR 20mg,Drugs,Inderal IR 20mg
23e8de30-5b3c-4371-a185-200556fa0951,Tablet,Inderal IR 40mg,Drugs,Inderal IR 40mg
997f4df8-0cdd-47bc-ba71-a01c6bcd3b89,Tablet,Inderal IR 60mg,Drugs,Inderal IR 60mg
ec734d5e-53c3-4d59-8c3a-3ce9c9360bc9,Tablet,Iron IR 325mg,Drugs,Iron IR 325mg
9bab903e-6312-4c6a-95dc-149c86e752ad,Tablet,Lasix 10mg,Drugs,Lasix 10mg
db08ac66-5b79-4e29-a799-6c9b76d3c40b,Tablet,Lasix 40mg,Drugs,Lasix 40mg
7edcd7d4-ca9f-45f8-b591-bcf0985e7213,Tablet,Lasix 60mg,Drugs,Lasix 60mg
cf76df0e-4571-4f7a-9a66-cb7122134077,Tablet,Lasix 80mg,Drugs,Lasix 80mg
39c32716-b384-4dd8-84c7-324786e015b3,Tablet,Levaquin 500mg,Drugs,Levaquin 500mg
d88a415d-1532-4d6e-9b47-b0264aa84485,Tube,Metro-gel 0.75%,Drugs,Metro-gel 0.75%
92e5fe31-7eb4-4bdc-a245-e359715eee0e,Vial,Motrin Chilren's 100mg / 5ml,Drugs,Motrin Chilren's 100mg / 5ml
5939e5cd-cc6e-470a-bd7d-d1353e9174be,Vial,Motrin Infant's 50mg / 1.25ml,Drugs,Motrin Infant's 50mg / 1.25ml
9dcd95b2-afe2-4d51-8b88-17211966fd65,Tube,Neosporin,Drugs,Neosporin
c6308b9c-00f1-476c-aa61-745bb26e0f71,Tablet,Neurontin 300mg,Drugs,Neurontin 300mg
294c26b6-a5c8-454e-b9b7-16d103584b3d,Tablet,Neurontin 600mg,Drugs,Neurontin 600mg
9a118208-e8a4-4af2-bb3a-f0bf02649e75,Tablet,Neurontin 900mg,Drugs,Neurontin 900mg
d63618a1-258b-40e2-b46a-50130d9a4573,Tablet,Norvasc 2.5mg,Drugs,Norvasc 2.5mg
b3540868-910d-456c-8cba-459f4b5fe9ff,Tablet,Pepcid 20mg,Drugs,Pepcid 20mg
c36a8c91-0c4d-4be3-950b-f5f07428a816,Tablet,Pepcid 40mg,Drugs,Pepcid 40mg
84945f45-3a3c-4d57-bc34-b474cf7ad612,Tablet,Prevacid 15mg,Drugs,Prevacid 15mg
b73ac801-cf29-4e21-a2b2-a5288222d34c,Tablet,Prevacid 30mg,Drugs,Prevacid 30mg
5a244df6-7cee-44da-89b0-f9bf732ffbed,Tablet,Proscar 1mg,Drugs,Proscar 1mg
1baa0c9d-5c1b-4673-bc8b-732c556c7c68,Tablet,Proscar 5mg,Drugs,Proscar 5mg
7a4861ec-81ab-4989-95b6-df5a9bd16651,Tablet,Protonix 40mg,Drugs,Protonix 40mg
e61b5364-5d97-40bd-9557-a555f232fc43,Nebulizer,Proventil 200mcg,Drugs,Proventil 200mcg
b8655f3b-ec83-418a-b767-54c053fbd743,Nebulizer,Proventil 400mcg,Drugs,Proventil 400mcg
c9544877-0a60-462f-9b7c-c8bb57380831,Nebulizer,Pulmicort Flexhaler 180mcg,Drugs,Pulmicort Flexhaler 180mcg
70e97a3d-0084-400a-aace-50b50dc04ed4,Nebulizer,Pulmicort Flexhaler 360mcg,Drugs,Pulmicort Flexhaler 360mcg
e1a092b6-10f6-438e-aa6d-2b0d1059403e,Vial,Rocephin 2g,Drugs,Rocephin 2g
bc56515a-cfb0-4dcd-a6e6-351e3bf1154c,Vial,Saline flush 0.9%,Drugs,Saline flush 0.9%
cd228fc7-699d-4d47-a11f-9e72c8e940f1,Vial,Spiriva HandiHaler 18mcg,Drugs,Spiriva HandiHaler 18mcg
88b343c0-a9e9-4b45-b57e-cc7014ab7f34,Vial,Sulfacetamide 0.1,Drugs,Sulfacetamide 0.1
29050ed9-d91e-4ced-8d18-8d37f5d55be2,Tablet,Tylenol 500mg,Drugs,Tylenol 500mg
9d3011b1-5be6-47b0-825b-851ad385c6d9,Vial,Tylenol Chilren's 160mg / 5ml,Drugs,Tylenol Chilren's 160mg / 5ml
07a5d160-973c-422b-89db-9aeddd8d70a1,Tube,Voltaren 1%,Drugs,Voltaren 1%
b7c41b8b-aa72-4749-9649-2684488a9406,Tablet,Zestril 10mg,Drugs,Zestril 10mg
d6f041d9-cf9b-4208-87fa-355a4ef6fcaa,Tablet,Zofran 8mg,Drugs,Zofran 8mg
3cff7277-8c40-40fe-bdee-79c04376447b,Tablet,Zyrtec 10mg,Drugs,Zyrtec 10mg
1f00446e-7247-4c01-88b3-8ca215e29e23,Vial,Zyrtec 1mg / 1ml,Drugs,Zyrtec 1mg / 1ml
2c9027fa-3723-491c-bbed-8989f0d4dabe,Vial,Acetasol 1% + 2%,Drugs,Acetasol 1% + 2%
c6f97741-1f9c-4b25-8af1-dcf3fe720d7a,Tablet,Bactoclav 500mg + 125mg,Drugs,Bactoclav 500mg + 125mg
cd280c73-ebfd-4213-8706-3ebce0019156,Nebulizer,Breo 100mcg + 25mcg,Drugs,Breo 100mcg + 25mcg
e153441b-af4a-4fcf-aa7f-3bc2419520fa,Nebulizer,Breo 200mcg + 25mcg,Drugs,Breo 200mcg + 25mcg
3ac7c011-1168-4eb6-b071-6ee11d1e2b24,Nebulizer,Combivent 18mcg + 103mcg,Drugs,Combivent 18mcg + 103mcg
c5551705-ce62-4054-97e1-7eba697c0b77,Tablet,Malarone 1g + 400mg,Drugs,Malarone 1g + 400mg
6bea54c9-97d5-4a9b-90fe-ee5ac2a9dd1c,Tablet,Malarone 250mg + 100mg,Drugs,Malarone 250mg + 100mg
0ade342f-abe3-4195-bcf4-16e2b502da26,Nebulizer,Proventil 2.5mg,Drugs,Proventil 2.5mg
9bb16770-8205-4360-b7e3-86d2d4cf08fb,Vial,Rocephin 250mg,Drugs,Rocephin 250mg
2819e041-6657-4a27-8472-07563eb6038f,Vial,Acétaminophene Sirop 120mg/5ml,Drugs,Acétaminophene Sirop 120mg/5ml
b89f03d9-a61b-4d4e-9636-5b28fdef4525,Tablet,Acétaminophene Co 500mg,Drugs,Acétaminophene Co 500mg
b61b29d2-41ee-4079-8fbb-a054596b7ae1,Vial,Acétaminophene Gtts 60mg/ml,Drugs,Acétaminophene Gtts 60mg/ml
b5b194a3-efc9-47b0-8406-db87092c23e2,Vial,Rapidal Plus 162.5 mg  + 100 mg,Drugs,Rapidal Plus 162.5 mg  + 100 mg
4eb11496-3275-4087-ab5c-b1e4ea885e99,Tablet,Acide Folique Co 5mg,Drugs,Acide Folique Co 5mg
123c4342-552a-4db9-bb0b-a7d0bd2e5849,Tablet,Acyclovir Co 400mg,Drugs,Acyclovir Co 400mg
45aaf344-e567-4716-be52-4a7a642305c1,Vial,Acyclovir Sirop 200mg,Drugs,Acyclovir Sirop 200mg
a74fe93c-b023-4159-8bd6-5d40a0909636,Tube,Acyclovir creme 3%,Drugs,Acyclovir creme 3%
22269776-0866-4d7f-b4f6-901d31531f83,Tube,Acyclovir ophtalmique 5%,Drugs,Acyclovir ophtalmique 5%
77addc86-5036-4a82-b722-826635e1ce0b,Container,Adrenaline Injection 1 mg,Drugs,Adrenaline Injection 1 mg
37302e59-9824-4ec3-a8f7-6b491a5ee183,Tablet,Albendazole Co 400mg,Drugs,Albendazole Co 400mg
7bf6328a-4194-484e-846f-a98bd41634e8,Vial,Albendazole Sirop 400 mg/10 ml,Drugs,Albendazole Sirop 400 mg/10 ml
39a96958-781f-4d84-a9e8-56f6dfbf9061,Nebulizer,Albuterol Inhalation 2.5mg/3ml,Drugs,Albuterol Inhalation 2.5mg/3ml
c3fb68d0-ba3d-4b94-bcb8-b2286d9b0358,Tablet,Alpha Métyl Dopa Co 250mg,Drugs,Alpha Métyl Dopa Co 250mg
58a9f6d0-1092-4c9c-b195-fbd7e43b39dd,Vial,Aminovit Gtts,Drugs,Aminovit Gtts
c91f7481-cb7b-40ad-92cc-e8f54534de29,Tablet,Amlodipine Co 10mg,Drugs,Amlodipine Co 10mg
1eebc619-5593-44be-9057-041df86b06ae,Vial,Amoxycilline Sirop 125 mg,Drugs,Amoxycilline Sirop 125 mg
d879219a-a74d-4a4a-a893-ebeb5594c629,Tablet,Amoxycilline Co 500mg,Drugs,Amoxycilline Co 500mg
a0f54b5b-0eda-49aa-82be-3634df0de78f,Container,Ampiciline Injection vial 1g,Drugs,Ampiciline Injection vial 1g
c3e48c79-8b02-4442-9480-8f656a353b89,Vial,Othorinol Gouttes 30mg,Drugs,Othorinol Gouttes 30mg
8e89914e-560b-4ac1-851c-ffeb54cb677f,Vial,Apetamine Sirop,Drugs,Apetamine Sirop
a42089dd-e91e-49a3-8c17-8571f2e5a404,Container,Apressoline Injection vial 20 mg,Drugs,Apressoline Injection vial 20 mg
02dd2a8e-1a8f-49cb-bc06-daf9e1af16ba,Tablet,Aspirine Co 81mg,Drugs,Aspirine Co 81mg
dae4050d-c309-4a20-a62e-e84d192e1e87,Tablet,Atenolol Co 50mg,Drugs,Atenolol Co 50mg
2e2bf852-a920-41cd-bc27-65f1da248045,Tablet,Azythromycine Co 500mg,Drugs,Azythromycine Co 500mg
4f93c00b-cf6e-48a1-b1da-ab3551915e25,Vial,Bebe Sirop,Drugs,Bebe Sirop
c872abc2-47ed-4eb2-bd6e-b6dbf6d6a95f,Tube,Benzyl Benzoate Lotion 25%,Drugs,Benzyl Benzoate Lotion 25%
3f9e7636-7443-45bf-a3fb-fd0530d3d43a,Vial,Bromexhine Sirop 4mg/5ml,Drugs,Bromexhine Sirop 4mg/5ml
1d153d70-219e-4683-96c2-c1337a2eea85,Tube,Calamine lotion,Drugs,Calamine lotion
1483054c-f2e7-499c-adf2-7c9a51ccc055,Tablet,Captopril Co 25mg,Drugs,Captopril Co 25mg
368866e6-0b82-4049-8f10-9fc2bbf43066,Container,Ceftriaxone Injection vial 1g,Drugs,Ceftriaxone Injection vial 1g
da1aafd5-78a3-4848-8057-63a424b0aead,Vial,Chloroquine Sirop 25 mg/ 5 ml,Drugs,Chloroquine Sirop 25 mg/ 5 ml
588c4abc-3b4b-43c8-a55f-5e80b2c90f1e,Tablet,Chloroquine Co 250 mg,Drugs,Chloroquine Co 250 mg
9b305550-beb8-4c7b-a800-caab72438430,Tablet,Ciprofloxacin Co 500mg,Drugs,Ciprofloxacin Co 500mg
ee3e761a-3d43-4c51-98a3-cc2bd94946b6,Tablet,Clarithromycine Co 500mg,Drugs,Clarithromycine Co 500mg
1a2354cb-3a85-4af9-8f36-d5146bda46a1,Tablet,Cloxacilline Co 500mg,Drugs,Cloxacilline Co 500mg
ea44b958-6805-40ad-a6e3-7b67aa2fe0d1,Vial,Cloxacilline Sirop 250 mg/5ml,Drugs,Cloxacilline Sirop 250 mg/5ml
1cd391d8-ed72-4c61-a203-faf40bee6921,Tablet,Augmentin Co 625mg,Drugs,Augmentin Co 625mg
f0ab1781-bf08-4c5e-9b32-2d51e1d5a38c,Vial,Bactoclav Sirop 312.5mg,Drugs,Bactoclav Sirop 312.5mg
eb4fedd3-154d-43f8-ad6c-d89930b1e175,Container,Dexamethasone Injection vial 8 mg,Drugs,Dexamethasone Injection vial 8 mg
ec535874-98d9-463c-a12a-42fa070c2f22,Vial,Dextrose Normal Saline 0.9%,Drugs,Dextrose Normal Saline 0.9%
3bc9e3a2-c85a-488b-b9a7-8e5fcafe2f81,Vial,Dextrose Normal Saline 0.45%,Drugs,Dextrose Normal Saline 0.45%
f6438215-66a1-4e8f-a57a-b747981fd8f6,Vial,Dextrose Water 5%,Drugs,Dextrose Water 5%
f8e266ec-24c9-4f64-89b0-33f1a052bd57,Vial,Dextrose Water 10%,Drugs,Dextrose Water 10%
0e8496ea-c8f7-4f08-abef-994e3c3243a2,Tablet,Diazepam Co 5mg,Drugs,Diazepam Co 5mg
2dca268b-fdb8-42f2-85eb-73a884c020ce,Container,Diazepam Injection vial 5 mg,Drugs,Diazepam Injection vial 5 mg
7bedc809-05bd-4baf-bd4b-5a21d9e48a01,Tablet,Diclofenac Co 50mg,Drugs,Diclofenac Co 50mg
2832337e-3ef1-47fa-8a46-2bc6e9910353,Container,Diclofenac Injection vial 75 mg,Drugs,Diclofenac Injection vial 75 mg
62ee5947-bf62-4a42-8c07-0f939f766afe,Container,Dolex Pommade,Drugs,Dolex Pommade
c6f2a3cb-b57f-4537-a179-ea0764d38690,Tablet,Doxicycline Co 100mg,Drugs,Doxicycline Co 100mg
33558e37-627d-475f-b18f-5e5baf0ac0a6,Tablet,Dyphenhydramine Co 25 mg,Drugs,Dyphenhydramine Co 25 mg
a377a5e6-0992-46c5-b5b0-5e3aafa27e16,Vial,Dyphenhydramine Sirop 12.5 mg/5ml,Drugs,Dyphenhydramine Sirop 12.5 mg/5ml
3e3c72db-491c-4690-be8b-1f2528fa3266,Container,Dyphenhydramine Injection vial 20 mg,Drugs,Dyphenhydramine Injection vial 20 mg
f3a1a212-12bc-43bd-b03f-73aeaac1379e,Container,Dypirone Inj vial 1g,Drugs,Dypirone Inj vial 1g
38978734-0960-4c7d-bb1e-725532bc4c6a,Tablet,Enalapril Co 10mg,Drugs,Enalapril Co 10mg
872c01c8-e9c9-478f-b2f6-87acf661ab6c,Container,Ergotamine Injection 2mg,Drugs,Ergotamine Injection 2mg
cbbc7d55-db59-4ea3-9f3b-d3709b1bb82d,Tablet,Erythromicine Co 500mg,Drugs,Erythromicine Co 500mg
74c26d25-3b98-4bf7-b962-3de028b352a7,Vial,Erythromicine Sirop 125mg,Drugs,Erythromicine Sirop 125mg
2b05efc6-833d-4718-9e39-6aab785cbfce,Vial,Fer Up Sirop,Drugs,Fer Up Sirop
114d5a9f-f369-4976-9eb7-1f78050c6a9b,Tablet,Fer Folate Co,Drugs,Fer Folate Co
a67aaa3a-0e89-4bb7-abf0-54eb6edbecad,Vial,Globugen Sirop,Drugs,Globugen Sirop
2f76266a-a841-4147-9401-c6b8409b8ccc,Tablet,Fluconazole Co 150mg,Drugs,Fluconazole Co 150mg
824dcc1b-27b7-459c-8f41-026b3af8dbe4,Vial,Fongobacter Rince Bouche,Drugs,Fongobacter Rince Bouche
109ca9ff-5a43-42bd-b039-ba08c683ebb5,Container,Furosemide Injection vial 20 mg,Drugs,Furosemide Injection vial 20 mg
eff805bf-db0e-4adf-9a3d-9a5039083016,Tablet,Furosemide Co 40mg,Drugs,Furosemide Co 40mg
f8b1ef4c-66b6-4520-addc-ee58dd011c65,Vial,Gastrogel Sirop,Drugs,Gastrogel Sirop
0113c442-4959-430d-a389-8cbafa2b8733,Vial,Dextrose D50,Drugs,Dextrose D50
80143eee-aad0-42bc-885c-7b84fa9d9f44,Tablet,Glybenclamide Co 5mg,Drugs,Glybenclamide Co 5mg
a491df48-4a2f-4f4a-a1b0-8bde19af5fb3,Vial,Griséofulvine Sirop 125mg,Drugs,Griséofulvine Sirop 125mg
74ae589d-140f-4b2e-a040-d3ad09148f3f,Tablet,Hydrochlorothiazide Co 50mg,Drugs,Hydrochlorothiazide Co 50mg
d07d5371-355c-4c61-9469-3f354f7edd5e,Tube,Hydrocortisone creme 1%,Drugs,Hydrocortisone creme 1%
baa212eb-23a2-43c4-b2ac-badf95eac406,Container,Hydrocortisone Injection vial 100 mg,Drugs,Hydrocortisone Injection vial 100 mg
daf6e832-5615-44ce-a512-6f1c239245d9,Container,Hyoscine Butylbromide Injection vial 20 mg,Drugs,Hyoscine Butylbromide Injection vial 20 mg
f05dd6ca-43d0-45ea-93ef-8d82483bbdc9,Tablet,Ibuprofene Co 400 mg,Drugs,Ibuprofene Co 400 mg
3b3e2029-84c4-4472-85b4-a1f1af0885b6,Container,Insuline R 100 UI/1 ml,Drugs,Insuline R 100 UI/1 ml
5b420f3b-7584-4934-b457-91d6f94ff6b7,Tablet,Ketoconazole Co 200 mg,Drugs,Ketoconazole Co 200 mg
aa42752c-af45-449c-ae9f-30c6e272cee4,Vial,Ketoconazole Shampooing 2%,Drugs,Ketoconazole Shampooing 2%
92247357-ccd3-4f83-9362-f40a103f4cd4,Tube,Ketoconazole creme 2%,Drugs,Ketoconazole creme 2%
c00019ed-8b20-4445-891e-6de8fd9e6d33,Vial,Ketoconazole Savon 2%,Drugs,Ketoconazole Savon 2%
5360f695-a3e2-4593-9426-69ef43781877,Tablet,Losartan Co 5mg,Drugs,Losartan Co 5mg
b35c87c8-fb39-4ca4-aae9-0986349c5eaf,Container,MGSO4 25%,Drugs,MGSO4 25%
095f2aaa-351b-4848-9039-87bf67e2e97b,Tablet,Metformin Co 500mg,Drugs,Metformin Co 500mg
7a563628-d9c4-4a25-8193-207199051785,Tablet,Metoclopramide Co 10 mg,Drugs,Metoclopramide Co 10 mg
66319a6e-d296-4929-b7ed-b2ff8e108bc9,Container,Metoclopramide Injection vial 10 mg,Drugs,Metoclopramide Injection vial 10 mg
2421535d-e55e-4fa0-9dd5-039d8a63ed6a,Vial,Metoclopramide Sirop 5 mg/5ml,Drugs,Metoclopramide Sirop 5 mg/5ml
1ea6b0b2-25d7-4279-b4ee-ccbacd60d17a,Tablet,Metoprolol Co 50mg,Drugs,Metoprolol Co 50mg
5690d13c-595b-4e29-bc7f-711afc8e7a16,Tablet,Metronidazole Co 500mg,Drugs,Metronidazole Co 500mg
1f17613f-0e53-4609-9856-558ed43e085d,Vial,Metronidazole Sirop 250mg,Drugs,Metronidazole Sirop 250mg
c933dc30-36f6-471f-bca6-53d8a682dce1,Tablet,Metronidazole et Nystatin Ovules Vaginales 500 mg + 100 000 UI,Drugs,Metronidazole et Nystatin Ovules Vaginales 500 mg + 100 000 UI
2b6dca2c-1499-4724-8648-42d996a57c6d,Vial,Tilvit Sirop,Drugs,Tilvit Sirop
25dc03a6-b2ca-46d5-8121-43ab025b3e9c,Tube,Neomycine creme 5m/g,Drugs,Neomycine creme 5m/g
057862ef-9fe0-40c8-8955-3149b25c4a70,Tablet,Nifedipine Co 20mg,Drugs,Nifedipine Co 20mg
31fe8ffe-3a78-435c-81b2-153fa11deb32,Vial,Normal Saline 0.9%,Drugs,Normal Saline 0.9%
5650eb5e-97e5-45ed-8b61-46920d3bbc43,Vial,Normal Saline 0.45%,Drugs,Normal Saline 0.45%
17e9b385-de8b-4d60-a7de-c37cbe2a3d1c,Vial,Gouttes Nasale 0.9%,Drugs,Gouttes Nasale 0.9%
e5574e71-17ea-434f-8649-eba766be4087,Tube,Nystatin creme vaginale 100 000 UI/g,Drugs,Nystatin creme vaginale 100 000 UI/g
9e1837cf-0e08-41b0-90c0-11bdd0c4c046,Vial,Nystatin Sirop 100 000 ui,Drugs,Nystatin Sirop 100 000 ui
c10cc9b5-c1ec-4d73-9192-9dc6b40e16f9,Tablet,Omeprazole Co 20 mg,Drugs,Omeprazole Co 20 mg
d16da6ff-03e6-49d3-998c-c4c0e77d811f,Vial,Otocare Gouttes,Drugs,Otocare Gouttes
78e814ac-0974-41cc-8283-4487ccf32370,Tablet,Prednisone Co 5 mg,Drugs,Prednisone Co 5 mg
57b30902-bce2-4279-ac22-b6d3fe5a4308,Vial,Primaquine Sirop,Drugs,Primaquine Sirop
7a1398d1-4667-4123-8633-db03f53299c2,Tablet,Primaquine Co 7.5 mg,Drugs,Primaquine Co 7.5 mg
01999b32-4e32-4a7b-92b9-515185f60e21,Container,Ranitidine Injection vial 50 mg,Drugs,Ranitidine Injection vial 50 mg
79c12ca2-0755-4bf4-b509-8c72239536f9,Vial,Ringer Lactate,Drugs,Ringer Lactate
3099b446-010e-426a-ba02-bf62f1077f2e,Nebulizer,Salbutamol Pompe,Drugs,Salbutamol Pompe
0f4627ca-7bb4-414f-a07e-5d24c0d3a442,Tablet,Salbutamol Co 4 mg,Drugs,Salbutamol Co 4 mg
d39b535c-9a32-49c1-b339-e512d811c44d,Vial,Salbutamol Sirop 2 mg/5 ml,Drugs,Salbutamol Sirop 2 mg/5 ml
13b68d05-a6c1-43ac-ae12-a68eb8459ab6,Vial,Di-Gas Gtts 40mg,Drugs,Di-Gas Gtts 40mg
e5e8b45b-83db-4a9d-8cd4-398c4e8081fa,Tablet,Simvastatin Co 20mg,Drugs,Simvastatin Co 20mg
18ce1953-f81d-4443-8b81-c3ec6d891767,Vial,Sorbacid Sirop 375mg,Drugs,Sorbacid Sirop 375mg
3171aeb3-5475-4ea2-b662-531f0c732716,Vial,Ophtalmide Gouttes,Drugs,Ophtalmide Gouttes
bebc4d5f-df7b-485a-9b3b-3420f536cb6f,Tablet,Cotrim Co 960mg,Drugs,Cotrim Co 960mg
bed41e87-9cfc-4d1f-9b44-c23732e6c162,Vial,Cotrim Sirop 240 mg/ 5 ml,Drugs,Cotrim Sirop 240 mg/ 5 ml
ff3576e9-5c64-432a-9cc4-de46e808a290,Tube,Tetracycline Ophtalmique,Drugs,Tetracycline Ophtalmique
80aded9f-32f0-4d5d-800c-043508f65ad8,Tube,Trazidex Onguent Ophtalmique,Drugs,Trazidex Onguent Ophtalmique
85000244-5a6c-4ad5-98c1-49f7eaf69fc5,Container,Tramadol Injection vial 100 mg,Drugs,Tramadol Injection vial 100 mg
1f543777-ea62-4cd5-b0b8-76edfca2b736,Vial,Virufen forte Sirop,Drugs,Virufen forte Sirop
c5e1437f-e7d9-4016-8ceb-ce70056b6c8e,Tablet,Vitamin C Co 500mg,Drugs,Vitamin C Co 500mg
ac6c90a6-1070-4ef7-a24a-8a668367b1fa,Vial,Vitamin C Sirop 500 mg/ 5 ml,Drugs,Vitamin C Sirop 500 mg/ 5 ml
85580d71-7bef-415c-8b88-4168285ace82,Vial,Vitamin C Gouttes 100 mg/ml,Drugs,Vitamin C Gouttes 100 mg/ml
af3fce1f-dcb1-4f76-ad4c-b8ebda43070c,Container,Vitamine B-Complex Injection,Drugs,Vitamine B-Complex Injection
481e357d-6c45-4c8a-beec-6d8f858f2552,Tablet,Vitamine B-Complex Co,Drugs,Vitamine B-Complex Co
8a54b957-8c4d-4ab6-9e42-575bf5b7be83,Vial,Vitamin A,Drugs,Vitamin A
9eb0a661-f27b-472e-a35d-04dc1dba0860,Tablet,Mycrogynon 30,Drugs,Mycrogynon 30
61444a80-77b6-4986-b9c1-07eab731ce28,Tablet,Microlut 30,Drugs,Microlut 30
012f0f5d-c76e-4a28-8e60-30c440f5ff62,Container,Depo Provera,Drugs,Depo Provera
62a34f17-e83c-4dbc-b53b-9a7f9478501a,Tablet,RHEZ,Drugs,RHEZ
667682cc-6731-4784-acdc-c7fb7c98d15a,Tablet,RH,Drugs,RH
